{ "lights": [ { "position": { "x": -0.6882916688919067
                            , "y": 0.9829825758934021
                            , "z": 1.7881393432617188e-07
                            }
              , "intensity": { "r": 0.40082108974456787
                             , "g": 0.30813175439834595
                             , "b": 1.0
                             }
              , "radius": 2.0
              }
            , { "position": { "x": 0.6061586141586304
                            , "y": 1.0356504917144775
                            , "z": 3.5762786865234375e-07
                            }
              , "intensity": { "r": 1.0
                             , "g": 0.07180412113666534
                             , "b": 0.46410074830055237
                             }
              , "radius": 2.0
              }
            , { "position": { "x": 0.6061586141586304
                            , "y": -2.384185791015625e-07
                            , "z": 1.0356504917144775
                            }
              , "intensity": { "r": 1.0
                             , "g": 0.6000000238418579
                             , "b": 1.0
                             }
              , "radius": 2.0
              }
            , { "position": { "x": -0.6882916688919067
                            , "y": -1.1920928955078125e-07
                            , "z": 0.9829825758934021
                            }
              , "intensity": { "r": 0.37446773052215576
                             , "g": 1.0
                             , "b": 0.4648628234863281
                             }
              , "radius": 2.0
              }
            , { "position": { "x": -0.6882916688919067
                            , "y": -0.9829825758934021
                            , "z": -5.960464477539063e-08
                            }
              , "intensity": { "r": 0.23600000143051147
                             , "g": 0.6000000238418579
                             , "b": 1.0
                             }
              , "radius": 2.0
              }
            , { "position": { "x": 0.6061586141586304
                            , "y": -1.0356504917144775
                            , "z": -1.1920928955078125e-07
                            }
              , "intensity": { "r": 1.0
                             , "g": 0.18002688884735107
                             , "b": 0.09076689183712006
                             }
              , "radius": 2.0
              }
            , { "position": { "x": 0.6061586141586304
                            , "y": 0.0
                            , "z": -1.0356504917144775
                            }
              , "intensity": { "r": 1.0
                             , "g": 1.0
                             , "b": 1.0
                             }
              , "radius": 2.0
              }
            , { "position": { "x": -0.6882916688919067
                            , "y": 0.0
                            , "z": -0.9829825758934021
                            }
              , "intensity": { "r": 0.23600000143051147
                             , "g": 0.6000000238418579
                             , "b": 1.0
                             }
              , "radius": 2.0
              }
            , { "position": { "x": 1.2000000476837158
                            , "y": 0.0
                            , "z": 1.8119497724455869e-07
                            }
              , "intensity": { "r": 0.23600000143051147
                             , "g": 0.6000000238418579
                             , "b": 0.23600000143051147
                             }
              , "radius": 2.0
              }
            , { "position": { "x": 1.2000000476837158
                            , "y": 0.0
                            , "z": 1.8119497724455869e-07
                            }
              , "intensity": { "r": 0.23600000143051147
                             , "g": 0.6000000238418579
                             , "b": 0.23600000143051147
                             }
              , "radius": 2.0
              }
            , { "position": { "x": -1.2000000476837158
                            , "y": 0.0
                            , "z": 0.0
                            }
              , "intensity": { "r": 1.0
                             , "g": 0.6000000238418579
                             , "b": 0.23569513857364655
                             }
              , "radius": 2.0
              }
            , { "position": { "x": -1.2000000476837158
                            , "y": 0.0
                            , "z": 0.0
                            }
              , "intensity": { "r": 1.0
                             , "g": 0.6000000238418579
                             , "b": 0.23569513857364655
                             }
              , "radius": 2.0
              }
            ]
}
